{
	"name" : "Digital Orchestra Toolbox",
	"displayname" : "",
	"version" : "1.1.1",
	"author" : "Joseph Malloch, Stephen Sinclair, and Marlon Schumacher",
	"authors" : [  ],
	"description" : "A collection of useful abstractions for gesture processing and building digital musical instruments.",
	"tags" : [ "data", "control", "abstractions", "gesture", "quaternion" ],
	"website" : "https://github.com/malloch/digital-orchestra-toolbox",
	"extends" : "",
	"extensible" : 0,
	"max_version_min" : "8.0",
	"max_version_max" : "none",
	"os" : 	{
		"macintosh" : 		{
			"min_version" : "10.7.x",
			"platform" : [ "x64" ]
		}
,
		"windows" : 		{
			"min_version" : "7",
			"platform" : [ "x64" ]
		}

	}
,
	"homepatcher" : "dot.overview.maxpat",
	"filelist" : 	{
		"patchers" : [ "dot.aggregate.leaky.maxpat", "dot.aggregate.maxpat", "dot.aggregate.sliding.maxpat", "dot.aggregate.timed.maxpat", "dot.am.demodulate.asynchronous~.maxpat", "dot.autoscale.exponential.maxpat", "dot.autoscale.maxpat", "dot.autoscale.sliding.maxpat", "dot.autoscale.timed.maxpat", "dot.autoscale~.maxpat", "dot.bitstobyte.maxpat", "dot.bound.maxpat", "dot.bytetobits.maxpat", "dot.change.maxpat", "dot.coll.maxpat", "dot.constrain.maxpat", "dot.correlation.exponential.maxpat", "dot.correlation.sliding.maxpat", "dot.covariance.exponential.maxpat", "dot.covariance.sliding.maxpat", "dot.denoise.exponential.maxpat", "dot.denoise.sliding.maxpat", "dot.denoise.timed.maxpat", "dot.deviation.exponential.maxpat", "dot.deviation.maxpat", "dot.deviation.sliding.maxpat", "dot.deviation.timed.maxpat", "dot.device.wiimotionplus.maxpat", "dot.entropy.wiener.maxpat", "dot.envelope.exponential.maxpat", "dot.expression.maxpat", "dot.extrema.local.maxpat", "dot.extrema.maxpat", "dot.extrema.sliding.maxpat", "dot.extrema.timed.maxpat", "dot.float.e.maxpat", "dot.float.inf.maxpat", "dot.float.maxpat", "dot.float.nan.maxpat", "dot.float.pi.maxpat", "dot.float.sanitize.maxpat", "dot.frequency.instantaneous~.maxpat", "dot.fromsignal~.maxpat", "dot.gate.maxpat", "dot.gesture.jab.maxpat", "dot.integer.range.maxpat", "dot.integer.twoscomplement.maxpat", "dot.interpolate.4~.maxpat", "dot.io.filein.maxpat", "dot.io.serial.maxpat", "dot.jit.spectrogram.maxpat", "dot.line.maxpat", "dot.list.matchnth.maxpat", "dot.list.nth.maxpat", "dot.list.swap.maxpat", "dot.log.play.maxpat", "dot.log.record.maxpat", "dot.maximum.maxpat", "dot.mean.exponential.maxpat", "dot.mean.maxpat", "dot.mean.sliding.maxpat", "dot.mean.timed.maxpat", "dot.median.sliding.maxpat", "dot.median.timed.maxpat", "dot.midi.out.maxpat", "dot.midi.pedal~.maxpat", "dot.minimum.maxpat", "dot.mix.4~.maxpat", "dot.osc.address.append.maxpat", "dot.osc.address.compress.maxpat", "dot.osc.address.expand.maxpat", "dot.osc.address.prepend.maxpat", "dot.osc.alias.maxpat", "dot.osc.route.maxpat", "dot.osc.unalias.maxpat", "dot.peak.maxpat", "dot.period~.maxpat", "dot.pid.maxpat", "dot.polar.shortestpath.maxpat", "dot.powerspectrum.sliding.maxpat", "dot.properties.maxpat", "dot.quaternion.angle.maxpat", "dot.quaternion.axisangle.maxpat", "dot.quaternion.conjugate.maxpat", "dot.quaternion.euler.maxpat", "dot.quaternion.inverse.maxpat", "dot.quaternion.jit.angle.maxpat", "dot.quaternion.jit.conjugate.maxpat", "dot.quaternion.jit.inverse.maxpat", "dot.quaternion.jit.line.maxpat", "dot.quaternion.jit.maxpat", "dot.quaternion.jit.multiply.maxpat", "dot.quaternion.jit.normalize.maxpat", "dot.quaternion.jit.rotate.maxpat", "dot.quaternion.jit.shortestpath.maxpat", "dot.quaternion.jit.slerp.maxpat", "dot.quaternion.jit.vis.maxpat", "dot.quaternion.line.maxpat", "dot.quaternion.maxpat", "dot.quaternion.multiply.maxpat", "dot.quaternion.normalize.maxpat", "dot.quaternion.shortestpath.maxpat", "dot.quaternion.slerp.maxpat", "dot.radians.normalize~.maxpat", "dot.reg.maxpat", "dot.repeat.maxpat", "dot.round.maxpat", "dot.route.signal~.maxpat", "dot.route.type.maxpat", "dot.scale~.maxpat", "dot.schmitt.maxpat", "dot.schmitt~.maxpat", "dot.sign.maxpat", "dot.sinusoid.properties~.maxpat", "dot.slip.decode.maxpat", "dot.slip.encode.maxpat", "dot.slope.maxpat", "dot.spherical.maxpat", "dot.spherical.tocartesian.maxpat", "dot.split.maxpat", "dot.stream.vis.maxpat", "dot.string.tolower.maxpat", "dot.string.toupper.maxpat", "dot.system.bitdepth.maxpat", "dot.timing.debounce.maxpat", "dot.timing.metro.maxpat", "dot.timing.pipe.maxpat", "dot.timing.speedlim.maxpat", "dot.timing.squeuedlim.maxpat", "dot.timing.thresh.maxpat", "dot.timing.translate.maxpat", "dot.transfer.maxpat", "dot.trough.maxpat", "dot.urn.maxpat", "dot.vector.distance.maxpat", "dot.vector.dotproduct.maxpat", "dot.vector.interpolate.2.maxpat", "dot.vector.interpolate.4.maxpat", "dot.vector.interpolate.maxpat", "dot.vector.normalize.maxpat", "dot.vis.vector.maxpat", "dot.window.sliding.maxpat", "dot.window.timed.maxpat", "interpolate.4~.maxpat" ],
		"help" : [ "dot.aggregate.leaky.maxhelp", "dot.aggregate.maxhelp", "dot.aggregate.sliding.maxhelp", "dot.aggregate.timed.maxhelp", "dot.am.demodulate.asynchronous~.maxhelp", "dot.autoscale.exponential.maxhelp", "dot.autoscale.maxhelp", "dot.autoscale.sliding.maxhelp", "dot.autoscale.timed.maxhelp", "dot.autoscale~.maxhelp", "dot.bitstobyte.maxhelp", "dot.bound.maxhelp", "dot.bytetobits.maxhelp", "dot.change.maxhelp", "dot.coll.maxhelp", "dot.constrain.maxhelp", "dot.correlation.exponential.maxhelp", "dot.correlation.sliding.maxhelp", "dot.covariance.exponential.maxhelp", "dot.covariance.sliding.maxhelp", "dot.denoise.exponential.maxhelp", "dot.denoise.sliding.maxhelp", "dot.denoise.timed.maxhelp", "dot.deviation.exponential.maxhelp", "dot.deviation.maxhelp", "dot.deviation.sliding.maxhelp", "dot.deviation.timed.maxhelp", "dot.device.wiimotionplus.maxhelp", "dot.entropy.wiener.maxhelp", "dot.envelope.exponential.maxhelp", "dot.expression.maxhelp", "dot.extrema.local.maxhelp", "dot.extrema.maxhelp", "dot.extrema.sliding.maxhelp", "dot.extrema.timed.maxhelp", "dot.float.e.maxhelp", "dot.float.inf.maxhelp", "dot.float.maxhelp", "dot.float.nan.maxhelp", "dot.float.pi.maxhelp", "dot.float.sanitize.maxhelp", "dot.frequency.instantaneous~.maxhelp", "dot.fromsignal~.maxhelp", "dot.gate.maxhelp", "dot.gesture.jab.maxhelp", "dot.helplink.maxpat", "dot.integer.range.maxhelp", "dot.integer.twoscomplement.maxhelp", "dot.interpolate.4~.maxhelp", "dot.io.filein.maxhelp", "dot.io.serial.maxhelp", "dot.line.maxhelp", "dot.list.matchnth.maxhelp", "dot.list.nth.maxhelp", "dot.list.swap.maxhelp", "dot.log.play.maxhelp", "dot.log.record.maxhelp", "dot.logo.maxpat", "dot.maximum.maxhelp", "dot.mean.exponential.maxhelp", "dot.mean.maxhelp", "dot.mean.sliding.maxhelp", "dot.mean.timed.maxhelp", "dot.median.sliding.maxhelp", "dot.median.timed.maxhelp", "dot.midi.out.maxhelp", "dot.midi.pedal~.maxhelp", "dot.minimum.maxhelp", "dot.mix.4~.maxhelp", "dot.osc.address.append.maxhelp", "dot.osc.address.compress.maxhelp", "dot.osc.address.expand.maxhelp", "dot.osc.address.prepend.maxhelp", "dot.osc.alias.maxhelp", "dot.osc.route.maxhelp", "dot.osc.unalias.maxhelp", "dot.peak.maxhelp", "dot.period~.maxhelp", "dot.pid.maxhelp", "dot.polar.shortestpath.maxhelp", "dot.powerspectrum.sliding.maxhelp", "dot.properties.maxhelp", "dot.quaternion.angle.maxhelp", "dot.quaternion.axisangle.maxhelp", "dot.quaternion.conjugate.maxhelp", "dot.quaternion.euler.maxhelp", "dot.quaternion.inverse.maxhelp", "dot.quaternion.jit.angle.maxhelp", "dot.quaternion.jit.conjugate.maxhelp", "dot.quaternion.jit.inverse.maxhelp", "dot.quaternion.jit.line.maxhelp", "dot.quaternion.jit.maxhelp", "dot.quaternion.jit.multiply.maxhelp", "dot.quaternion.jit.normalize.maxhelp", "dot.quaternion.jit.rotate.maxhelp", "dot.quaternion.jit.shortestpath.maxhelp", "dot.quaternion.jit.slerp.maxhelp", "dot.quaternion.jit.vis.maxhelp", "dot.quaternion.line.maxhelp", "dot.quaternion.maxhelp", "dot.quaternion.multiply.maxhelp", "dot.quaternion.normalize.maxhelp", "dot.quaternion.shortestpath.maxhelp", "dot.quaternion.slerp.maxhelp", "dot.radians.normalize~.maxhelp", "dot.reg.maxhelp", "dot.repeat.maxhelp", "dot.round.maxhelp", "dot.route.signal~.maxhelp", "dot.route.type.maxhelp", "dot.scale~.maxhelp", "dot.schmitt.maxhelp", "dot.schmitt~.maxhelp", "dot.sign.maxhelp", "dot.sinusoid.properties~.maxhelp", "dot.slip.decode.maxhelp", "dot.slip.encode.maxhelp", "dot.slope.maxhelp", "dot.spherical.maxhelp", "dot.spherical.tocartesian.maxhelp", "dot.split.maxhelp", "dot.stream.vis.maxhelp", "dot.system.bitdepth.maxhelp", "dot.timing.debounce.maxhelp", "dot.timing.metro.maxhelp", "dot.timing.pipe.maxhelp", "dot.timing.speedlim.maxhelp", "dot.timing.squeuedlim.maxhelp", "dot.timing.thresh.maxhelp", "dot.timing.translate.maxhelp", "dot.transfer.maxhelp", "dot.trough.maxhelp", "dot.urn.maxhelp", "dot.vector.distance.maxhelp", "dot.vector.dotproduct.maxhelp", "dot.vector.interpolate.2.maxhelp", "dot.vector.interpolate.4.maxhelp", "dot.vector.interpolate.maxhelp", "dot.vector.normalize.maxhelp", "dot.vis.vector.maxhelp", "dot.window.sliding.maxhelp", "dot.window.timed.maxhelp" ],
		"media" : [ "exponential.table", "slider_demo.txt" ],
		"docs" : [ "refpages/dot.aggregate.leaky.maxref.xml", "refpages/dot.aggregate.maxref.xml", "refpages/dot.aggregate.sliding.maxref.xml", "refpages/dot.aggregate.timed.maxref.xml", "refpages/dot.am.demodulate.asynchronous~.maxref.xml", "refpages/dot.autoscale.exponential.maxref.xml", "refpages/dot.autoscale.sliding.maxref.xml", "refpages/dot.autoscale.timed.maxref.xml", "refpages/dot.autoscale~.maxref.xml", "refpages/dot.bitstobyte.maxref.xml", "refpages/dot.bound.maxref.xml", "refpages/dot.bytetobits.maxref.xml", "refpages/dot.change.maxref.xml", "refpages/dot.coll.maxref.xml", "refpages/dot.constrain.maxref.xml", "refpages/dot.correlation.exponential.maxref.xml", "refpages/dot.correlation.sliding.maxref.xml", "refpages/dot.covariance.exponential.maxref.xml", "refpages/dot.covariance.sliding.maxref.xml", "refpages/dot.denoise.exponential.maxref.xml", "refpages/dot.denoise.sliding.maxref.xml", "refpages/dot.denoise.timed.maxref.xml", "refpages/dot.deviation.exponential.maxref.xml", "refpages/dot.deviation.sliding.maxref.xml", "refpages/dot.deviation.timed.maxref.xml", "refpages/dot.device.wiimotionplus.maxref.xml", "refpages/dot.envelope.exponential.maxref.xml", "refpages/dot.expression.maxref.xml", "refpages/dot.extrema.maxref.xml", "refpages/dot.extrema.sliding.maxref.xml", "refpages/dot.extrema.timed.maxref.xml", "refpages/dot.float.e.maxref.xml", "refpages/dot.float.inf.maxref.xml", "refpages/dot.float.nan.maxref.xml", "refpages/dot.float.pi.maxref.xml", "refpages/dot.float.sanitize.maxref.xml", "refpages/dot.frequency.instantaneous~.maxref.xml", "refpages/dot.fromsignal~.maxref.xml", "refpages/dot.gate.maxref.xml", "refpages/dot.gesture.jab.maxref.xml", "refpages/dot.integer.range.maxref.xml", "refpages/dot.integer.twoscomplement.maxref.xml", "refpages/dot.interpolate.4~.maxref.xml", "refpages/dot.io.filein.maxref.xml", "refpages/dot.io.serial.maxref.xml", "refpages/dot.line.maxref.xml", "refpages/dot.list.matchnth.maxref.xml", "refpages/dot.list.nth.maxref.xml", "refpages/dot.list.swap.maxref.xml", "refpages/dot.log.play.maxref.xml", "refpages/dot.log.record.maxref.xml", "refpages/dot.maximum.maxref.xml", "refpages/dot.mean.exponential.maxref.xml", "refpages/dot.mean.sliding.maxref.xml", "refpages/dot.mean.timed.maxref.xml", "refpages/dot.median.sliding.maxref.xml", "refpages/dot.median.timed.maxref.xml", "refpages/dot.midi.out.maxref.xml", "refpages/dot.midi.pedal~.maxref.xml", "refpages/dot.minimum.maxref.xml", "refpages/dot.mix.4~.maxref.xml", "refpages/dot.osc.address.append.maxref.xml", "refpages/dot.osc.address.compress.maxref.xml", "refpages/dot.osc.address.expand.maxref.xml", "refpages/dot.osc.address.prepend.maxref.xml", "refpages/dot.osc.alias.maxref.xml", "refpages/dot.osc.route.maxref.xml", "refpages/dot.osc.unalias.maxref.xml", "refpages/dot.period~.maxref.xml", "refpages/dot.pid.maxref.xml", "refpages/dot.polar.shortestpath.maxref.xml", "refpages/dot.properties.maxref.xml", "refpages/dot.quaternion.angle.maxref.xml", "refpages/dot.quaternion.axisangle.maxref.xml", "refpages/dot.quaternion.conjugate.maxref.xml", "refpages/dot.quaternion.euler.maxref.xml", "refpages/dot.quaternion.inverse.maxref.xml", "refpages/dot.quaternion.jit.angle.maxref.xml", "refpages/dot.quaternion.jit.conjugate.maxref.xml", "refpages/dot.quaternion.jit.inverse.maxref.xml", "refpages/dot.quaternion.jit.line.maxref.xml", "refpages/dot.quaternion.jit.maxref.xml", "refpages/dot.quaternion.jit.multiply.maxref.xml", "refpages/dot.quaternion.jit.normalize.maxref.xml", "refpages/dot.quaternion.jit.rotate.maxref.xml", "refpages/dot.quaternion.jit.shortestpath.maxref.xml", "refpages/dot.quaternion.jit.slerp.maxref.xml", "refpages/dot.quaternion.jit.vis.maxref.xml", "refpages/dot.quaternion.line.maxref.xml", "refpages/dot.quaternion.maxref.xml", "refpages/dot.quaternion.multiply.maxref.xml", "refpages/dot.quaternion.normalize.maxref.xml", "refpages/dot.quaternion.shortestpath.maxref.xml", "refpages/dot.quaternion.slerp.maxref.xml", "refpages/dot.radians.normalize~.maxref.xml", "refpages/dot.reg.maxref.xml", "refpages/dot.repeat.maxref.xml", "refpages/dot.round.maxref.xml", "refpages/dot.route.signal~.maxref.xml", "refpages/dot.route.type.maxref.xml", "refpages/dot.scale~.maxref.xml", "refpages/dot.schmitt.maxref.xml", "refpages/dot.schmitt~.maxref.xml", "refpages/dot.sign.maxref.xml", "refpages/dot.sinusoid.properties~.maxref.xml", "refpages/dot.slip.decode.maxref.xml", "refpages/dot.slip.encode.maxref.xml", "refpages/dot.slope.maxref.xml", "refpages/dot.spherical.maxref.xml", "refpages/dot.spherical.tocartesian.maxref.xml", "refpages/dot.split.maxref.xml", "refpages/dot.stream.vis.maxref.xml", "refpages/dot.system.bitdepth.maxref.xml", "refpages/dot.timing.debounce.maxref.xml", "refpages/dot.timing.metro.maxref.xml", "refpages/dot.timing.pipe.maxref.xml", "refpages/dot.timing.speedlim.maxref.xml", "refpages/dot.timing.squeuedlim.maxref.xml", "refpages/dot.timing.thresh.maxref.xml", "refpages/dot.timing.translate.maxref.xml", "refpages/dot.transfer.maxref.xml", "refpages/dot.urn.maxref.xml", "refpages/dot.vector.distance.maxref.xml", "refpages/dot.vector.dotproduct.maxref.xml", "refpages/dot.vector.interpolate.2.maxref.xml", "refpages/dot.vector.interpolate.4.maxref.xml", "refpages/dot.vector.normalize.maxref.xml", "refpages/dot.window.timed.maxref.xml" ],
		"extras" : [ "dot.overview.maxpat" ]
	}
,
	"c74install" : 1,
	"installdate" : 3671778588
}
