<?xml version="1.0" encoding="utf-8" standalone="yes"?>

<?xml-stylesheet href="./_c74_ref.xsl" type="text/xsl"?>

<c74object name="dot.device.wiimotionplus" module="dot" kind="patcher">
	<digest>
		Process the data from a Wii Motion Plus and remove gyro bias.
	</digest>
	<description>
		Process the data from a Wii Motion Plus and remove gyro bias.
	</description>

	<!--METADATA-->
	<metadatalist>
		<metadata name="author">Joseph Malloch</metadata>
		<metadata name="copyright">© 2006 - 2018 IDMIL</metadata>
		<metadata name="version">1.1</metadata>
        <metadata name="tag">Digital Orchestral Toolbox</metadata>
	</metadatalist>

	<!--INLETS-->
	<inletlist>
		<inlet id="0" type="int">
			<digest>
                byte 0 if wiimotion plus data
			</digest>
			<description>
			</description>
		</inlet>
        <inlet id="1" type="int">
            <digest>
                byte 1 if wiimotion plus data
            </digest>
            <description>
            </description>
        </inlet>
        <inlet id="2" type="int">
            <digest>
                byte 2 if wiimotion plus data
            </digest>
            <description>
            </description>
        </inlet>
        <inlet id="3" type="int">
            <digest>
                byte 3 if wiimotion plus data
            </digest>
            <description>
            </description>
        </inlet>
        <inlet id="4" type="int">
            <digest>
                byte 4 if wiimotion plus data
            </digest>
            <description>
            </description>
        </inlet>
        <inlet id="5" type="int">
            <digest>
                byte 5 if wiimotion plus data
            </digest>
            <description>
            </description>
        </inlet>
	</inletlist>

	<!--OUTLETS-->
	<outletlist>
		<outlet id="0" type="float">
			<digest>
                gyro axis 0
			</digest>
			<description>
			</description>
		</outlet>
        <outlet id="1" type="float">
            <digest>
                gyro axis 1
            </digest>
            <description>
            </description>
        </outlet>
        <outlet id="2" type="float">
            <digest>
                gyro axis 2
            </digest>
            <description>
            </description>
        </outlet>
	</outletlist>

    <!--ATTRIBUTES-->
    <attributelist>
    </attributelist>

    <!--MESSAGES-->
    <methodlist>
    </methodlist>

	<!--SEEALSO-->
	<seealsolist>
	</seealsolist>

	<!--MENU ITEMS-->
	<menuitemlist>
	</menuitemlist>

	<!--EXAMPLE-->
	<examplelist>
	</examplelist>


</c74object>

