<?xml version="1.0" encoding="utf-8" standalone="yes"?>

<?xml-stylesheet href="./_c74_ref.xsl" type="text/xsl"?>

<c74object name="dot.bitstobyte" module="dot" kind="patcher">
	<digest>
		Converts 8 bits into a single byte
	</digest>
	<description>
		Converts 8 bits into a single byte.
	</description>

	<!--METADATA-->
	<metadatalist>
		<metadata name="author">Joseph Malloch</metadata>
		<metadata name="copyright">© 2006 - 2018 IDMIL</metadata>
		<metadata name="version">1.1</metadata>
        <metadata name="tag">Digital Orchestral Toolbox</metadata>
	</metadatalist>

	<!--INLETS-->
	<inletlist>
		<inlet id="0" type="int">
			<digest>
                bit #7 or list
			</digest>
			<description>
			</description>
		</inlet>
        <inlet id="1" type="int">
            <digest>
                bit #6
            </digest>
            <description>
            </description>
        </inlet>
        <inlet id="2" type="int">
            <digest>
                bit #5
            </digest>
            <description>
            </description>
        </inlet>
        <inlet id="3" type="int">
            <digest>
                bit #4
            </digest>
            <description>
            </description>
        </inlet>
        <inlet id="4" type="int">
            <digest>
                bit #3
            </digest>
            <description>
            </description>
        </inlet>
        <inlet id="5" type="int">
            <digest>
                bit #2
            </digest>
            <description>
            </description>
        </inlet>
        <inlet id="6" type="int">
            <digest>
                bit #1
            </digest>
            <description>
            </description>
        </inlet>
        <inlet id="7" type="int">
            <digest>
                bit #0
            </digest>
            <description>
            </description>
        </inlet>
	</inletlist>

	<!--OUTLETS-->
	<outletlist>
		<outlet id="0" type="int">
			<digest>
                byte output
			</digest>
			<description>
			</description>
		</outlet>
	</outletlist>

    <!--ATTRIBUTES-->
    <attributelist>
    </attributelist>

    <!--MESSAGES-->
    <methodlist>
        <method name="list">
            <arglist>
            </arglist>
            <digest>
            </digest>
            <description>
                List of bits to convert
            </description>
        </method>
        <method name="int">
            <arglist>
            </arglist>
            <digest>
            </digest>
            <description>
                Bit
            </description>
        </method>
    </methodlist>

	<!--SEEALSO-->
	<seealsolist>
        <seealso name="dot.byteToBits" />
	</seealsolist>

	<!--MENU ITEMS-->
	<menuitemlist>
	</menuitemlist>

	<!--EXAMPLE-->
	<examplelist>
	</examplelist>


</c74object>

