<?xml version="1.0" encoding="utf-8" standalone="yes"?>

<?xml-stylesheet href="./_c74_ref.xsl" type="text/xsl"?>

<c74object name="dot.period~" module="dot" kind="patcher">
	<digest>
		Converts frequency in Hz (cycles/second) to seconds or samples per cycle.
	</digest>
	<description>
		Converts frequency in Hz (cycles/second) to seconds or samples per cycle.
	</description>

	<!--METADATA-->
	<metadatalist>
		<metadata name="author">Marlon Schumacher</metadata>
		<metadata name="copyright">© 2006 - 2018 IDMIL</metadata>
		<metadata name="version">1.1</metadata>
        <metadata name="tag">Digital Orchestral Toolbox</metadata>
	</metadatalist>

	<!--INLETS-->
	<inletlist>
		<inlet id="0" type="signal/float">
			<digest>
                frequency input
			</digest>
			<description>
			</description>
		</inlet>
	</inletlist>

	<!--OUTLETS-->
	<outletlist>
		<outlet id="0" type="signal">
			<digest>
                period
			</digest>
			<description>
			</description>
		</outlet>
        <outlet id="0" type="float">
            <digest>
                period
            </digest>
            <description>
            </description>
        </outlet>
	</outletlist>

    <!--ATTRIBUTES-->
    <attributelist>
        <attribute name="unit" get="0" set="1" type="sym" size="1">
            <digest>
                Unit
            </digest>
            <description>
                Unit: seconds or samples
            </description>
        </attribute>
    </attributelist>

    <!--MESSAGES-->
    <methodlist>
    </methodlist>

	<!--SEEALSO-->
	<seealsolist>
	</seealsolist>

	<!--MENU ITEMS-->
	<menuitemlist>
	</menuitemlist>

	<!--EXAMPLE-->
	<examplelist>
	</examplelist>


</c74object>

