<?xml version="1.0" encoding="utf-8" standalone="yes"?>

<?xml-stylesheet href="./_c74_ref.xsl" type="text/xsl"?>

<c74object name="dot.aggregate.sliding" module="dot" kind="patcher">
	<digest>
		Aggregate of a windowed stream
	</digest>
	<description>
		Calculates aggregate of a windowed stream.
	</description>

	<!--METADATA-->
	<metadatalist>
		<metadata name="author">Joseph Malloch</metadata>
		<metadata name="copyright">© 2006 - 2018 IDMIL</metadata>
		<metadata name="version">1.1</metadata>
        <metadata name="tag">Digital Orchestral Toolbox</metadata>
	</metadatalist>

	<!--INLETS-->
	<inletlist>
		<inlet id="0" type="INLET_TYPE">
			<digest>
                int or float to add
			</digest>
			<description>
			</description>
		</inlet>
        <inlet id="1" type="INLET_TYPE">
            <digest>
                window size in samples
            </digest>
            <description>
            </description>
        </inlet>
	</inletlist>

	<!--OUTLETS-->
	<outletlist>
		<outlet id="0" type="INLET_TYPE">
			<digest>
                aggregated value
			</digest>
			<description>
			</description>
		</outlet>
	</outletlist>

	<!--ARGUMENTS-->
	<objarglist>
        <objarg name="Window size" type="int" optional="1">
            <digest>
            </digest>
            <description>
                Window size in samples
            </description>
        </objarg>
	</objarglist>

	<!--MESSAGES-->
	<methodlist>
		<method name="int">
			<arglist>
			</arglist>
			<digest>
			</digest>
			<description>
				Add to aggregate
			</description>
		</method>
		<method name="float">
			<arglist>
			</arglist>
			<digest>
			</digest>
			<description>
				Add to aggregate
			</description>
		</method>
	</methodlist>

	<!--SEEALSO-->
	<seealsolist>
		<seealso name="dot.aggregate" />
        <seealso name="dot.aggregate.leaky" />
        <seealso name="dot.aggregate.timed" />
	</seealsolist>

	<!--MENU ITEMS-->
	<menuitemlist>
	</menuitemlist>

	<!--EXAMPLE-->
	<examplelist>
	</examplelist>


</c74object>

