<?xml version="1.0" encoding="utf-8" standalone="yes"?>

<?xml-stylesheet href="./_c74_ref.xsl" type="text/xsl"?>

<c74object name="dot.quaternion.slerp" module="dot" kind="patcher">
	<digest>
		Quaternion interpolation
	</digest>
	<description>
		Spherical Linear Interpolation (Slerp) between quaternions.
	</description>

	<!--METADATA-->
	<metadatalist>
		<metadata name="author">Joseph Malloch</metadata>
		<metadata name="copyright">© 2006 - 2018 IDMIL</metadata>
		<metadata name="version">1.1</metadata>
        <metadata name="tag">Digital Orchestral Toolbox</metadata>
        <metadata name="tag">Quaternion</metadata>
	</metadatalist>

	<!--INLETS-->
	<inletlist>
		<inlet id="0" type="list">
			<digest>
                Left quaternion as list [w, x, y, z]
			</digest>
			<description>
                Left quaternion as list [w, x, y, z]
			</description>
		</inlet>
        <inlet id="1" type="list">
            <digest>
                Right quaternion as list [w, x, y, z]
            </digest>
            <description>
                Right quaternion as list [w, x, y, z]
            </description>
        </inlet>
        <inlet id="1" type="float">
            <digest>
                Interpolation ratio
            </digest>
            <description>
                Interpolation ratio
            </description>
        </inlet>
	</inletlist>

	<!--OUTLETS-->
	<outletlist>
		<outlet id="0" type="list">
			<digest>
                Interpolated quaternion
			</digest>
			<description>
                Interpolated quaternion
			</description>
		</outlet>
	</outletlist>

    <!--ARGUMENTS-->
    <objarglist>
        <objarg name="Interpolation ratio" type="float" optional="1">
            <digest>
                Interpolation ratio
            </digest>
            <description>
                Interpolation ratio
            </description>
        </objarg>
    </objarglist>

    <!--ATTRIBUTES-->
    <attributelist>
        <attribute name="shortest" get="0" set="1" type="int" size="1">
            <digest>
                Set whether interpolation should take the shortest path.
            </digest>
            <description>
                Set whether interpolation should take the shortest path.
            </description>
        </attribute>
    </attributelist>

    <!--MESSAGES-->
    <methodlist>
        <method name="list">
            <arglist>
            </arglist>
            <digest>
                Quaternion as list [w, x, y, z]
            </digest>
            <description>
                Quaternion as list [w, x, y, z]
            </description>
        </method>
        <method name="bang">
            <arglist>
            </arglist>
            <digest>
                Recalculate interpolation and output
            </digest>
            <description>
                Recalculate interpolation and output
            </description>
        </method>
        <method name="shortest">
            <arglist>
                <arg name="value" type="int" optional="0" />
            </arglist>
            <digest>
                Set whether interpolation should take the shortest path.
            </digest>
            <description>
                Set whether interpolation should take the shortest path.
            </description>
        </method>
    </methodlist>

	<!--SEEALSO-->
	<seealsolist>
        <seealso name="dot.quaternion.line" />
        <seealso name="dot.quaternion.shortestpath" />
        <seealso name="dot.quaternion.jit.line" />
        <seealso name="dot.quaternion.jit.shortestpath" />
        <seealso name="dot.quaternion.jit.slerp" />
	</seealsolist>

	<!--MENU ITEMS-->
	<menuitemlist>
	</menuitemlist>

	<!--EXAMPLE-->
	<examplelist>
	</examplelist>

</c74object>

