<?xml version="1.0" encoding="utf-8" standalone="yes"?>

<?xml-stylesheet href="./_c74_ref.xsl" type="text/xsl"?>

<c74object name="dot.scale~" module="dot" kind="patcher">
	<digest>
		MSP version of Max's scale-object (with 'proper' exponent).
	</digest>
	<description>
		MSP version of Max's scale-object (with 'proper' exponent).
	</description>

	<!--METADATA-->
	<metadatalist>
		<metadata name="author">Marlon Schumacher</metadata>
		<metadata name="copyright">© 2006 - 2018 IDMIL</metadata>
		<metadata name="version">1.1</metadata>
        <metadata name="tag">Digital Orchestral Toolbox</metadata>
	</metadatalist>

	<!--INLETS-->
	<inletlist>
		<inlet id="0" type="signal">
			<digest>
                signal to scale
			</digest>
			<description>
			</description>
		</inlet>
        <inlet id="1" type="float/signal">
            <digest>
                input minimum
            </digest>
            <description>
            </description>
        </inlet>
        <inlet id="2" type="float/signal">
            <digest>
                input maximum
            </digest>
            <description>
            </description>
        </inlet>
        <inlet id="3" type="float/signal">
            <digest>
                output minimum
            </digest>
            <description>
            </description>
        </inlet>
        <inlet id="4" type="float/signal">
            <digest>
                output maximum
            </digest>
            <description>
            </description>
        </inlet>
        <inlet id="5" type="float/signal">
            <digest>
                exponent
            </digest>
            <description>
            </description>
        </inlet>
	</inletlist>

	<!--OUTLETS-->
	<outletlist>
		<outlet id="0" type="signal">
			<digest>
                scaled output
			</digest>
			<description>
			</description>
		</outlet>
	</outletlist>

    <!--ATTRIBUTES-->
    <attributelist>
    </attributelist>

    <!--MESSAGES-->
    <methodlist>
    </methodlist>

	<!--SEEALSO-->
	<seealsolist>
	</seealsolist>

	<!--MENU ITEMS-->
	<menuitemlist>
	</menuitemlist>

	<!--EXAMPLE-->
	<examplelist>
	</examplelist>


</c74object>

