<?xml version="1.0" encoding="utf-8" standalone="yes"?>

<?xml-stylesheet href="./_c74_ref.xsl" type="text/xsl"?>

<c74object name="dot.mean.timed" module="dot" kind="patcher">
	<digest>
		Time-windowed averaging filter in which each input sample has the same weight.
	</digest>
	<description>
		Time-windowed averaging filter in which each input sample has the same weight.
	</description>

	<!--METADATA-->
	<metadatalist>
		<metadata name="author">Joseph Malloch</metadata>
		<metadata name="copyright">© 2006 - 2018 IDMIL</metadata>
		<metadata name="version">1.1</metadata>
        <metadata name="tag">Digital Orchestral Toolbox</metadata>
	</metadatalist>

	<!--INLETS-->
	<inletlist>
		<inlet id="0" type="float">
			<digest>
                datastream, to process
			</digest>
			<description>
			</description>
		</inlet>
        <inlet id="1" type="float">
            <digest>
                window size in milliseconds
            </digest>
            <description>
            </description>
        </inlet>
	</inletlist>

	<!--OUTLETS-->
	<outletlist>
		<outlet id="0" type="float">
			<digest>
                windowed average
			</digest>
			<description>
			</description>
		</outlet>
        <outlet id="1" type="float">
            <digest>
                residual value
            </digest>
            <description>
            </description>
        </outlet>
	</outletlist>

    <!--ATTRIBUTES-->
    <attributelist>
    </attributelist>

    <!--MESSAGES-->
    <methodlist>
    </methodlist>

	<!--SEEALSO-->
	<seealsolist>
	</seealsolist>

	<!--MENU ITEMS-->
	<menuitemlist>
	</menuitemlist>

	<!--EXAMPLE-->
	<examplelist>
	</examplelist>


</c74object>

