<?xml version="1.0" encoding="utf-8" standalone="yes"?>

<?xml-stylesheet href="./_c74_ref.xsl" type="text/xsl"?>

<c74object name="dot.timing.squeuedlim" module="dot" kind="patcher">
	<digest>
		Limits the speed of messages like speedlim, but queued like zl queue.
	</digest>
	<description>
		Limits the speed of messages like speedlim, but queued like zl queue.
	</description>

	<!--METADATA-->
	<metadatalist>
		<metadata name="author">Joseph Malloch</metadata>
		<metadata name="copyright">© 2006 - 2018 IDMIL</metadata>
		<metadata name="version">1.1</metadata>
        <metadata name="tag">Digital Orchestral Toolbox</metadata>
        <metadata name="tag">time</metadata>
        <metadata name="tag">Timing</metadata>
	</metadatalist>

	<!--INLETS-->
	<inletlist>
		<inlet id="0" type="int/float/list/sym">
			<digest>
                messages to limit
			</digest>
			<description>
			</description>
		</inlet>
        <inlet id="1" type="float">
            <digest>
                delay time
            </digest>
            <description>
            </description>
        </inlet>
	</inletlist>

	<!--OUTLETS-->
	<outletlist>
		<outlet id="0" type="int/float/list/sym">
			<digest>
                speed-limited output
			</digest>
			<description>
			</description>
		</outlet>
        <outlet id="1" type="bang">
            <digest>
                bang when queue is empty
            </digest>
            <description>
            </description>
        </outlet>
        <outlet id="0" type="int">
            <digest>
                number of messages remaining in queue
            </digest>
            <description>
            </description>
        </outlet>
	</outletlist>

    <!--ATTRIBUTES-->
    <attributelist>
    </attributelist>

    <!--MESSAGES-->
    <methodlist>
    </methodlist>

	<!--SEEALSO-->
	<seealsolist>
        <seealso name="dot.timing.debounce" />
        <seealso name="dot.timing.metro" />
        <seealso name="dot.timing.pipe" />
        <seealso name="dot.timing.speedlim" />
        <seealso name="dot.timing.thresh" />
	</seealsolist>

	<!--MENU ITEMS-->
	<menuitemlist>
	</menuitemlist>

	<!--EXAMPLE-->
	<examplelist>
	</examplelist>


</c74object>

