<?xml version="1.0" encoding="utf-8" standalone="yes"?>

<?xml-stylesheet href="./_c74_ref.xsl" type="text/xsl"?>

<c74object name="dot.expression" module="dot" kind="patcher">
	<digest>
		User-definable expr-based scaling, calibration, and formulas in the form "y=x".
	</digest>
	<description>
		User-definable expr-based scaling, calibration, and formulas in the form "y=x".
	</description>

	<!--METADATA-->
	<metadatalist>
		<metadata name="author">Joseph Malloch</metadata>
		<metadata name="copyright">© 2006 - 2018 IDMIL</metadata>
		<metadata name="version">1.1</metadata>
        <metadata name="tag">Digital Orchestral Toolbox</metadata>
	</metadatalist>

	<!--INLETS-->
	<inletlist>
		<inlet id="0" type="float">
			<digest>
                datastream to process
			</digest>
			<description>
			</description>
		</inlet>
	</inletlist>

	<!--OUTLETS-->
	<outletlist>
		<outlet id="0" type="float">
			<digest>
                processed datastream
			</digest>
			<description>
			</description>
		</outlet>
	</outletlist>

    <!--ATTRIBUTES-->
    <attributelist>
        <attribute name="mode" get="0" set="1" type="sym" size="1">
            <digest>
                Mode
            </digest>
            <description>
                Mode
            </description>
        </attribute>

        <attribute name="expression" get="0" set="1" type="sym" size="1">
            <digest>
                Expression
            </digest>
            <description>
                Expression
            </description>
        </attribute>
    </attributelist>

    <!--MESSAGES-->
    <methodlist>
        <method name="mode">
            <arglist>
                <arg name="value" type="sym" optional="0" />
            </arglist>
            <digest>
                Mode
            </digest>
            <description>
                Mode
            </description>
        </method>
        <method name="expression">
            <arglist>
                <arg name="value" type="sym" optional="0" />
            </arglist>
            <digest>
                Expression
            </digest>
            <description>
                Expression
            </description>
        </method>
    </methodlist>

	<!--SEEALSO-->
	<seealsolist>
	</seealsolist>

	<!--MENU ITEMS-->
	<menuitemlist>
	</menuitemlist>

	<!--EXAMPLE-->
	<examplelist>
	</examplelist>


</c74object>

