<?xml version="1.0" encoding="utf-8" standalone="yes"?>

<?xml-stylesheet href="./_c74_ref.xsl" type="text/xsl"?>

<c74object name="dot.timing.pipe" module="dot" kind="patcher">
	<digest>
		Delays a stream of input like pipe, but works for lists too!
	</digest>
	<description>
		Delays a stream of input like pipe, but works for lists too! Uses coll inside, so filter for "symbol" if you are delaying single strings
	</description>

	<!--METADATA-->
	<metadatalist>
		<metadata name="author">Joseph Malloch</metadata>
		<metadata name="copyright">© 2006 - 2018 IDMIL</metadata>
		<metadata name="version">1.1</metadata>
        <metadata name="tag">Digital Orchestral Toolbox</metadata>
        <metadata name="tag">time</metadata>
        <metadata name="tag">Timing</metadata>
	</metadatalist>

	<!--INLETS-->
	<inletlist>
		<inlet id="0" type="int/float/list/sym">
			<digest>
                input to delay
			</digest>
			<description>
			</description>
		</inlet>
        <inlet id="1" type="float">
            <digest>
                delay time
            </digest>
            <description>
            </description>
        </inlet>
	</inletlist>

	<!--OUTLETS-->
	<outletlist>
		<outlet id="0" type="int.float/list/sym">
			<digest>
                delayed input
			</digest>
			<description>
			</description>
		</outlet>
	</outletlist>

    <!--ATTRIBUTES-->
    <attributelist>
    </attributelist>

    <!--MESSAGES-->
    <methodlist>
    </methodlist>

	<!--SEEALSO-->
	<seealsolist>
        <seealso name="pipe" />
        <seealso name="dot.timing.debounce" />
        <seealso name="dot.timing.metro" />
        <seealso name="dot.timing.speedlim" />
        <seealso name="dot.timing.squeuedlim" />
        <seealso name="dot.timing.thresh" />
        <seealso name="dot.timing.translate" />
	</seealsolist>

	<!--MENU ITEMS-->
	<menuitemlist>
	</menuitemlist>

	<!--EXAMPLE-->
	<examplelist>
	</examplelist>


</c74object>

