<?xml version="1.0" encoding="utf-8" standalone="yes"?>

<?xml-stylesheet href="./_c74_ref.xsl" type="text/xsl"?>

<c74object name="dot.quaternion.jit.vis" module="dot" kind="patcher">
	<digest>
		Display the effects of quaternion rotations
	</digest>
	<description>
		Just a little bpatcher for displaying the effects of quaternion rotations
	</description>

	<!--METADATA-->
	<metadatalist>
		<metadata name="author">Joseph Malloch</metadata>
		<metadata name="copyright">© 2006 - 2018 IDMIL</metadata>
		<metadata name="version">1.1</metadata>
        <metadata name="tag">Digital Orchestral Toolbox</metadata>
        <metadata name="tag">Quaternion</metadata>
        <metadata name="tag">Jitter</metadata>
	</metadatalist>

	<!--INLETS-->
	<inletlist>
		<inlet id="0" type="matrix/list">
			<digest>
                Quaternion or quaternion matrix
			</digest>
			<description>
			</description>
		</inlet>
	</inletlist>

	<!--OUTLETS-->
	<outletlist>
		<outlet id="0" type="matrix">
			<digest>
                Quaternion
			</digest>
			<description>
			</description>
		</outlet>
	</outletlist>

    <!--ATTRIBUTES-->
    <attributelist>
    </attributelist>

    <!--MESSAGES-->
    <methodlist>
        <method name="matrix">
            <arglist>
            </arglist>
            <digest>
            </digest>
            <description>
                Quaternion to display
            </description>
        </method>
        <method name="list">
            <arglist>
            </arglist>
            <digest>
            </digest>
            <description>
                Quaternion to display
            </description>
        </method>
        <method name="shape">
            <arglist>
                <arg name="value" type="sym" optional="0" />
            </arglist>
            <digest>
            </digest>
            <description>
                Set shape of displayed geometry
            </description>
        </method>
    </methodlist>

	<!--SEEALSO-->
	<seealsolist>
	</seealsolist>

	<!--MENU ITEMS-->
	<menuitemlist>
	</menuitemlist>

	<!--EXAMPLE-->
	<examplelist>
	</examplelist>

</c74object>

