<?xml version="1.0" encoding="utf-8" standalone="yes"?>

<?xml-stylesheet href="./_c74_ref.xsl" type="text/xsl"?>

<c74object name="dot.frequency.instantaneous~" module="dot" kind="patcher">
	<digest>
		Instantaneous frequency estimation from phase deltas.
	</digest>
	<description>
		Instantaneous frequency estimation from phase deltas.
	</description>

	<!--METADATA-->
	<metadatalist>
		<metadata name="author">Marlon Schumacher</metadata>
		<metadata name="copyright">© 2006 - 2018 IDMIL</metadata>
		<metadata name="version">1.1</metadata>
        <metadata name="tag">Digital Orchestral Toolbox</metadata>
	</metadatalist>

	<!--INLETS-->
	<inletlist>
		<inlet id="0" type="signal">
			<digest>
                signal to process
			</digest>
			<description>
			</description>
		</inlet>
        <inlet id="1" type="float/signal">
            <digest>
                averaging window size in samples
            </digest>
            <description>
            </description>
        </inlet>
	</inletlist>

	<!--OUTLETS-->
	<outletlist>
		<outlet id="0" type="signal">
			<digest>
                frequency (Hz)
			</digest>
			<description>
			</description>
		</outlet>
        <outlet id="1" type="signal">
            <digest>
                phase difference
            </digest>
            <description>
            </description>
        </outlet>
	</outletlist>

    <!--ATTRIBUTES-->
    <attributelist>
        <attribute name="average" get="0" set="1" type="int" size="1">
            <digest>
                averaging window size in samples
            </digest>
            <description>
                averaging window size in samples
            </description>
        </attribute>

        <attribute name="unit" get="0" set="1" type="sym" size="1">
            <digest>
                Phase difference unit (norm/radians)
            </digest>
            <description>
                Phase difference unit (norm/radians)
            </description>
        </attribute>
    </attributelist>

    <!--MESSAGES-->
    <methodlist>
    </methodlist>

	<!--SEEALSO-->
	<seealsolist>
	</seealsolist>

	<!--MENU ITEMS-->
	<menuitemlist>
	</menuitemlist>

	<!--EXAMPLE-->
	<examplelist>
	</examplelist>


</c74object>

