<?xml version="1.0" encoding="utf-8" standalone="yes"?>

<?xml-stylesheet href="./_c74_ref.xsl" type="text/xsl"?>

<c74object name="dot.sinusoid.properties~" module="dot" kind="patcher">
	<digest>
		Track magnitude, instantaneous phase, and instantaneous frequency of a sinusoid.
	</digest>
	<description>
		Track magnitude, instantaneous phase, and instantaneous frequency of a sinusoid.
	</description>

	<!--METADATA-->
	<metadatalist>
		<metadata name="author">Marlon Schumacher</metadata>
		<metadata name="copyright">© 2006 - 2018 IDMIL</metadata>
		<metadata name="version">1.1</metadata>
        <metadata name="tag">Digital Orchestral Toolbox</metadata>
	</metadatalist>

	<!--INLETS-->
	<inletlist>
		<inlet id="0" type="signal">
			<digest>
                signal to analyze
			</digest>
			<description>
			</description>
		</inlet>
        <inlet id="1" type="float/signal">
            <digest>
                averaging window size in samples
            </digest>
            <description>
            </description>
        </inlet>
        <inlet id="2" type="float/signal">
            <digest>
                cutoff frequency in Hz
            </digest>
            <description>
            </description>
        </inlet>
	</inletlist>

	<!--OUTLETS-->
	<outletlist>
		<outlet id="0" type="signal">
			<digest>
                Magnitude
			</digest>
			<description>
			</description>
		</outlet>
        <outlet id="1" type="signal">
            <digest>
                Phase
            </digest>
            <description>
            </description>
        </outlet>
        <outlet id="2" type="signal">
            <digest>
                Frequency
            </digest>
            <description>
            </description>
        </outlet>
	</outletlist>

    <!--ATTRIBUTES-->
    <attributelist>
        <attribute name="average" get="0" set="1" type="float" size="1">
            <digest>
                Average
            </digest>
            <description>
                Average
            </description>
        </attribute>

        <attribute name="cutoff" get="0" set="1" type="float" size="1">
            <digest>
                Cutoff
            </digest>
            <description>
                Cutoff
            </description>
        </attribute>
    </attributelist>

    <!--MESSAGES-->
    <methodlist>
    </methodlist>

	<!--SEEALSO-->
	<seealsolist>
	</seealsolist>

	<!--MENU ITEMS-->
	<menuitemlist>
	</menuitemlist>

	<!--EXAMPLE-->
	<examplelist>
	</examplelist>


</c74object>

