<?xml version="1.0" encoding="utf-8" standalone="yes"?>

<?xml-stylesheet href="./_c74_ref.xsl" type="text/xsl"?>

<c74object name="dot.pid" module="dot" kind="patcher">
	<digest>
		Proportional-Integral-Derivative controller.
	</digest>
	<description>
		Proportional-Integral-Derivative controller.
	</description>

	<!--METADATA-->
	<metadatalist>
		<metadata name="author">Joseph Malloch</metadata>
		<metadata name="copyright">© 2006 - 2018 IDMIL</metadata>
		<metadata name="version">1.1</metadata>
        <metadata name="tag">Digital Orchestral Toolbox</metadata>
	</metadatalist>

	<!--INLETS-->
	<inletlist>
		<inlet id="0" type="float">
			<digest>
                datastream to process
			</digest>
			<description>
			</description>
		</inlet>
        <inlet id="1" type="float">
            <digest>
            </digest>
            <description>
            </description>
        </inlet>
        <inlet id="2" type="float">
            <digest>
                P
            </digest>
            <description>
            </description>
        </inlet>
        <inlet id="3" type="float">
            <digest>
                I
            </digest>
            <description>
            </description>
        </inlet>
        <inlet id="4" type="float">
            <digest>
                D
            </digest>
            <description>
            </description>
        </inlet>
	</inletlist>

	<!--OUTLETS-->
	<outletlist>
		<outlet id="0" type="signal">
			<digest>
                Control output
			</digest>
			<description>
			</description>
		</outlet>
        <outlet id="1" type="signal">
            <digest>
                Error
            </digest>
            <description>
            </description>
        </outlet>
	</outletlist>

    <!--ATTRIBUTES-->
    <attributelist>
        <attribute name="feedback" get="0" set="1" type="int" size="1">
            <digest>
                Feedback
            </digest>
            <description>
                Feedback
            </description>
        </attribute>
    </attributelist>

    <!--MESSAGES-->
    <methodlist>
    </methodlist>

	<!--SEEALSO-->
	<seealsolist>
	</seealsolist>

	<!--MENU ITEMS-->
	<menuitemlist>
	</menuitemlist>

	<!--EXAMPLE-->
	<examplelist>
	</examplelist>


</c74object>

