<?xml version="1.0" encoding="utf-8" standalone="yes"?>

<?xml-stylesheet href="./_c74_ref.xsl" type="text/xsl"?>

<c74object name="dot.vector.interpolate.4" module="dot" kind="patcher">
	<digest>
		Interpolates/extrapolates between four lists of equal length.
	</digest>
	<description>
		Interpolates/extrapolates between four lists of equal length.
	</description>

	<!--METADATA-->
	<metadatalist>
		<metadata name="author">Joseph Malloch</metadata>
		<metadata name="copyright">© 2006 - 2018 IDMIL</metadata>
		<metadata name="version">1.1</metadata>
        <metadata name="tag">Digital Orchestral Toolbox</metadata>
        <metadata name="tag">Vector</metadata>
	</metadatalist>

	<!--INLETS-->
	<inletlist>
		<inlet id="0" type="list">
			<digest>
                2D interpolation coefficient
			</digest>
			<description>
			</description>
		</inlet>
        <inlet id="1" type="list">
            <digest>
                list1
            </digest>
            <description>
            </description>
        </inlet>
        <inlet id="2" type="list">
            <digest>
                list2
            </digest>
            <description>
            </description>
        </inlet>
        <inlet id="3" type="list">
            <digest>
                list3
            </digest>
            <description>
            </description>
        </inlet>
        <inlet id="4" type="list">
            <digest>
                list4
            </digest>
            <description>
            </description>
        </inlet>
	</inletlist>

	<!--OUTLETS-->
	<outletlist>
		<outlet id="0" type="list">
			<digest>
                interpolated output
			</digest>
			<description>
			</description>
		</outlet>
	</outletlist>

    <!--ATTRIBUTES-->
    <attributelist>
    </attributelist>

    <!--MESSAGES-->
    <methodlist>
    </methodlist>

	<!--SEEALSO-->
	<seealsolist>
	</seealsolist>

	<!--MENU ITEMS-->
	<menuitemlist>
	</menuitemlist>

	<!--EXAMPLE-->
	<examplelist>
	</examplelist>


</c74object>

