<?xml version="1.0" encoding="utf-8" standalone="yes"?>

<?xml-stylesheet href="./_c74_ref.xsl" type="text/xsl"?>

<c74object name="dot.transfer" module="dot" kind="patcher">
	<digest>
		Table-based waveshaping with customizable transfer function.
	</digest>
	<description>
		Table-based waveshaping with customizable transfer function.
	</description>

	<!--METADATA-->
	<metadatalist>
		<metadata name="author">Joseph Malloch</metadata>
		<metadata name="copyright">© 2006 - 2018 IDMIL</metadata>
		<metadata name="version">1.1</metadata>
        <metadata name="tag">Digital Orchestral Toolbox</metadata>
	</metadatalist>

	<!--INLETS-->
	<inletlist>
		<inlet id="0" type="float">
			<digest>
                datastream to process
			</digest>
			<description>
			</description>
		</inlet>
	</inletlist>

	<!--OUTLETS-->
	<outletlist>
		<outlet id="0" type="float">
			<digest>
                processed datastream
			</digest>
			<description>
			</description>
		</outlet>
	</outletlist>

    <!--ATTRIBUTES-->
    <attributelist>
    </attributelist>

    <!--MESSAGES-->
    <methodlist>
        <method name="edit">
            <arglist>
            </arglist>
            <digest>
            </digest>
            <description>
                Edit
            </description>
        </method>
        <method name="open">
            <arglist>
            </arglist>
            <digest>
            </digest>
            <description>
                Open
            </description>
        </method>
        <method name="write">
            <arglist>
            </arglist>
            <digest>
            </digest>
            <description>
                Write
            </description>
        </method>
        <method name="revert">
            <arglist>
            </arglist>
            <digest>
            </digest>
            <description>
                Revert
            </description>
        </method>
    </methodlist>

	<!--SEEALSO-->
	<seealsolist>
	</seealsolist>

	<!--MENU ITEMS-->
	<menuitemlist>
	</menuitemlist>

	<!--EXAMPLE-->
	<examplelist>
	</examplelist>


</c74object>

