<?xml version="1.0" encoding="utf-8" standalone="yes"?>

<?xml-stylesheet href="./_c74_ref.xsl" type="text/xsl"?>

<c74object name="dot.change" module="dot" kind="patcher">
	<digest>
		Filter out repetitions of a number, symbol, or list
	</digest>
	<description>
		Filter out repetitions of a number, symbol, or list.
	</description>

	<!--METADATA-->
	<metadatalist>
		<metadata name="author">Joseph Malloch</metadata>
		<metadata name="copyright">© 2006 - 2018 IDMIL</metadata>
		<metadata name="version">1.1</metadata>
        <metadata name="tag">Digital Orchestral Toolbox</metadata>
	</metadatalist>

	<!--INLETS-->
	<inletlist>
		<inlet id="0" type="int/float/symbol">
			<digest>
                number, symbol, or list to filter
			</digest>
			<description>
			</description>
		</inlet>
	</inletlist>

	<!--OUTLETS-->
	<outletlist>
		<outlet id="0" type="INPUT_TYPE">
			<digest>
                filtered output
			</digest>
			<description>
			</description>
		</outlet>
	</outletlist>

    <!--ATTRIBUTES-->
    <attributelist>
    </attributelist>

    <!--MESSAGES-->
    <methodlist>
        <method name="int">
            <arglist>
            </arglist>
            <digest>
            </digest>
            <description>
                int
            </description>
        </method>
        <method name="float">
            <arglist>
            </arglist>
            <digest>
            </digest>
            <description>
                float
            </description>
        </method>
        <method name="symbol">
            <arglist>
            </arglist>
            <digest>
            </digest>
            <description>
                symbol
            </description>
        </method>
        <method name="list">
            <arglist>
            </arglist>
            <digest>
            </digest>
            <description>
                list
            </description>
        </method>
    </methodlist>

	<!--SEEALSO-->
	<seealsolist>
	</seealsolist>

	<!--MENU ITEMS-->
	<menuitemlist>
	</menuitemlist>

	<!--EXAMPLE-->
	<examplelist>
	</examplelist>


</c74object>

