<?xml version="1.0" encoding="utf-8" standalone="yes"?>

<?xml-stylesheet href="./_c74_ref.xsl" type="text/xsl"?>

<c74object name="dot.aggregate" module="dot" kind="patcher">
	<digest>
		Aggregate of a stream of numbers
	</digest>
	<description>
		Calculates aggregate of a stream of numbers.
	</description>

	<!--METADATA-->
	<metadatalist>
		<metadata name="author">Joseph Malloch</metadata>
		<metadata name="copyright">© 2006 - 2018 IDMIL</metadata>
		<metadata name="version">1.1</metadata>
        <metadata name="tag">Digital Orchestral Toolbox</metadata>
	</metadatalist>

	<!--INLETS-->
	<inletlist>
		<inlet id="0" type="INLET_TYPE">
			<digest>
                int, float, or list to add and cause output
			</digest>
			<description>
			</description>
		</inlet>
        <inlet id="1" type="INLET_TYPE">
            <digest>
                int, float, or list to add without causing output
            </digest>
            <description>
            </description>
        </inlet>
        <inlet id="1" type="INLET_TYPE">
            <digest>
                int or float to set internal value
            </digest>
            <description>
            </description>
        </inlet>
	</inletlist>

	<!--OUTLETS-->
	<outletlist>
		<outlet id="0" type="INLET_TYPE">
			<digest>
                aggregated value
			</digest>
			<description>
			</description>
		</outlet>
	</outletlist>

	<!--ARGUMENTS-->
	<objarglist>
        <objarg name="Initial value" type="float" optional="1">
            <digest>
            </digest>
            <description>
                Initial value.
            </description>
        </objarg>
	</objarglist>

	<!--MESSAGES-->
	<methodlist>
		<method name="list">
			<arglist>
			</arglist>
			<digest>
			</digest>
			<description>
				Add to aggregate.
			</description>
		</method>
		<method name="int">
			<arglist>
			</arglist>
			<digest>
			</digest>
			<description>
				Add to aggregate
			</description>
		</method>
		<method name="float">
			<arglist>
			</arglist>
			<digest>
			</digest>
			<description>
				Add to aggregate
			</description>
		</method>
	</methodlist>

	<!--SEEALSO-->
	<seealsolist>
		<seealso name="dot.aggregate.leaky" />
        <seealso name="dot.aggregate.sliding" />
        <seealso name="dot.aggregate.timed" />
	</seealsolist>

	<!--MENU ITEMS-->
	<menuitemlist>
	</menuitemlist>

	<!--EXAMPLE-->
	<examplelist>
	</examplelist>


</c74object>

