<?xml version="1.0" encoding="utf-8" standalone="yes"?>

<?xml-stylesheet href="./_c74_ref.xsl" type="text/xsl"?>

<c74object name="dot.schmitt~" module="dot" kind="patcher">
	<digest>
		Detect triggers from envelope of a signal.
	</digest>
	<description>
		Detect triggers from envelope of a signal.
	</description>

	<!--METADATA-->
	<metadatalist>
		<metadata name="author">Marlon Schumacher</metadata>
		<metadata name="copyright">© 2006 - 2018 IDMIL</metadata>
		<metadata name="version">1.1</metadata>
        <metadata name="tag">Digital Orchestral Toolbox</metadata>
	</metadatalist>

	<!--INLETS-->
	<inletlist>
		<inlet id="0" type="signal">
			<digest>
                signal to process
			</digest>
			<description>
			</description>
		</inlet>
        <inlet id="1" type="float/signal">
            <digest>
                averaging window size in samples
            </digest>
            <description>
            </description>
        </inlet>
        <inlet id="2" type="float">
            <digest>
                low threshold
            </digest>
            <description>
            </description>
        </inlet>
        <inlet id="3" type="float">
            <digest>
                high threshold
            </digest>
            <description>
            </description>
        </inlet>
        <inlet id="4" type="float">
            <digest>
                gain
            </digest>
            <description>
            </description>
        </inlet>
	</inletlist>

	<!--OUTLETS-->
	<outletlist>
		<outlet id="0" type="signal">
			<digest>
                output
			</digest>
			<description>
			</description>
		</outlet>
	</outletlist>

    <!--ATTRIBUTES-->
    <attributelist>
        <attribute name="average" get="0" set="1" type="float" size="1">
            <digest>
                Average
            </digest>
            <description>
                averaging window size in samples
            </description>
        </attribute>

        <attribute name="gain" get="0" set="1" type="float" size="1">
            <digest>
                Gain
            </digest>
            <description>
                Gain
            </description>
        </attribute>

        <attribute name="low" get="0" set="1" type="float" size="1">
            <digest>
                Low threshold value
            </digest>
            <description>
                Low threshold value
            </description>
        </attribute>

        <attribute name="high" get="0" set="1" type="float" size="1">
            <digest>
                High threshold value
            </digest>
            <description>
                High threshold value
            </description>
        </attribute>
    </attributelist>

    <!--MESSAGES-->
    <methodlist>
        <method name="average">
            <arglist>
                <arg name="value" type="float" optional="0" />
            </arglist>
            <digest>
            </digest>
            <description>
                Average
            </description>
        </method>
        <method name="gain">
            <arglist>
                <arg name="value" type="float" optional="0" />
            </arglist>
            <digest>
            </digest>
            <description>
                Gain
            </description>
        </method>
        <method name="low">
            <arglist>
                <arg name="value" type="float" optional="0" />
            </arglist>
            <digest>
            </digest>
            <description>
                Low threshold value
            </description>
        </method>
        <method name="high">
            <arglist>
                <arg name="value" type="float" optional="0" />
            </arglist>
            <digest>
            </digest>
            <description>
                High threshold value
            </description>
        </method>
    </methodlist>

	<!--SEEALSO-->
	<seealsolist>
	</seealsolist>

	<!--MENU ITEMS-->
	<menuitemlist>
	</menuitemlist>

	<!--EXAMPLE-->
	<examplelist>
	</examplelist>


</c74object>

