<?xml version="1.0" encoding="utf-8" standalone="yes"?>

<?xml-stylesheet href="./_c74_ref.xsl" type="text/xsl"?>

<c74object name="dot.sign" module="dot" kind="patcher">
	<digest>
		Output the sign of the input
	</digest>
	<description>
		Output the sign of the input.
	</description>

	<!--METADATA-->
	<metadatalist>
		<metadata name="author">Joseph Malloch</metadata>
		<metadata name="copyright">© 2006 - 2018 IDMIL</metadata>
		<metadata name="version">1.1</metadata>
        <metadata name="tag">Digital Orchestral Toolbox</metadata>
	</metadatalist>

	<!--INLETS-->
	<inletlist>
		<inlet id="0" type="int/float">
			<digest>
                Number to process
			</digest>
			<description>
                Number to process
			</description>
		</inlet>
	</inletlist>

	<!--OUTLETS-->
	<outletlist>
		<outlet id="0" type="int">
			<digest>
                1 if positive, -1 if negative, 0 otherwise
			</digest>
			<description>
			</description>
		</outlet>
	</outletlist>

    <!--ATTRIBUTES-->
    <attributelist>
    </attributelist>

    <!--MESSAGES-->
    <methodlist>
        <method name="int">
            <arglist>
                <arg name="value" type="int" optional="0" />
            </arglist>
            <digest>
            </digest>
            <description>
                integer
            </description>
        </method>
        <method name="float">
            <arglist>
                <arg name="value" type="float" optional="0" />
            </arglist>
            <digest>
            </digest>
            <description>
                float
            </description>
        </method>
    </methodlist>

	<!--SEEALSO-->
	<seealsolist>
	</seealsolist>

	<!--MENU ITEMS-->
	<menuitemlist>
	</menuitemlist>

	<!--EXAMPLE-->
	<examplelist>
	</examplelist>


</c74object>

