<?xml version="1.0" encoding="utf-8" standalone="yes"?>

<?xml-stylesheet href="./_c74_ref.xsl" type="text/xsl"?>

<c74object name="dot.midi.out" module="dot" kind="patcher">
	<digest>
		Quickly configure MIDI output
	</digest>
	<description>
		Helper for quickly configuring MIDI output.
	</description>

	<!--METADATA-->
	<metadatalist>
		<metadata name="author">Stephen Sinclair</metadata>
		<metadata name="copyright">© 2006 - 2018 IDMIL</metadata>
		<metadata name="version">1.1</metadata>
        <metadata name="tag">Digital Orchestral Toolbox</metadata>
	</metadatalist>

	<!--INLETS-->
	<inletlist>
		<inlet id="0" type="int">
			<digest>
                value to send
			</digest>
			<description>
			</description>
		</inlet>
        <inlet id="1" type="float/signal">
            <digest>
                frequency
            </digest>
            <description>
            </description>
        </inlet>
	</inletlist>

	<!--OUTLETS-->
	<outletlist>
	</outletlist>

    <!--ATTRIBUTES-->
    <attributelist>
    </attributelist>

    <!--MESSAGES-->
    <methodlist>
        <method name="int">
            <arglist>
            </arglist>
            <digest>
            </digest>
            <description>
                Value to send
            </description>
        </method>
    </methodlist>

	<!--SEEALSO-->
	<seealsolist>
	</seealsolist>

	<!--MENU ITEMS-->
	<menuitemlist>
	</menuitemlist>

	<!--EXAMPLE-->
	<examplelist>
	</examplelist>


</c74object>

