<?xml version="1.0" encoding="utf-8" standalone="yes"?>

<?xml-stylesheet href="./_c74_ref.xsl" type="text/xsl"?>

<c74object name="dot.autoscale~" module="dot" kind="patcher">
	<digest>
		Automatic signal scaling.
	</digest>
	<description>
		Automatically scale incoming signal to a defined output-range.
	</description>

	<!--METADATA-->
	<metadatalist>
		<metadata name="author">Marlon Schumacher</metadata>
		<metadata name="copyright">© 2006 - 2018 IDMIL</metadata>
		<metadata name="version">1.1</metadata>
        <metadata name="tag">Digital Orchestral Toolbox</metadata>
	</metadatalist>

	<!--INLETS-->
	<inletlist>
		<inlet id="0" type="signal">
			<digest>
                signal to scale
			</digest>
			<description>
			</description>
		</inlet>
        <inlet id="1" type="float/signal">
            <digest>
                output minimum
            </digest>
            <description>
            </description>
        </inlet>
        <inlet id="2" type="float/signal">
            <digest>
                output maximum
            </digest>
            <description>
            </description>
        </inlet>
        <inlet id="3" type="float/signal">
            <digest>
                exponent
            </digest>
            <description>
            </description>
        </inlet>
	</inletlist>

	<!--OUTLETS-->
	<outletlist>
		<outlet id="0" type="signal">
			<digest>
                output
			</digest>
			<description>
			</description>
		</outlet>
	</outletlist>

    <!--ATTRIBUTES-->
    <attributelist>
    </attributelist>

    <!--MESSAGES-->
    <methodlist>
        <method name="reset">
            <arglist>
            </arglist>
            <digest>
            </digest>
            <description>
                Reset
            </description>
        </method>
        <method name="min">
            <arglist>
                <arg name="value" type="float" optional="0" />
            </arglist>
            <digest>
            </digest>
            <description>
                Output minimum
            </description>
        </method>
        <method name="max">
            <arglist>
                <arg name="value" type="float" optional="0" />
            </arglist>
            <digest>
            </digest>
            <description>
                Output maximum
            </description>
        </method>
        <method name="exponent">
            <arglist>
                <arg name="value" type="float" optional="0" />
            </arglist>
            <digest>
            </digest>
            <description>
                Exponent
            </description>
        </method>
        <method name="lock">
            <arglist>
            </arglist>
            <digest>
            </digest>
            <description>
                Lock input range to current
            </description>
        </method>
    </methodlist>

	<!--SEEALSO-->
	<seealsolist>
	</seealsolist>

	<!--MENU ITEMS-->
	<menuitemlist>
	</menuitemlist>

	<!--EXAMPLE-->
	<examplelist>
	</examplelist>


</c74object>

